{
  "checkpoints": [
    {
      "absolute_error": 0.17015005203238676,
      "autocorrelation_standard_error": 0.17751423606423775,
      "block_standard_error": 0.1633250404295028,
      "checkpoint_steps": 500,
      "conservative_ci95_half_width": 0.3690770743351233,
      "conservative_standard_error": 0.18830462976281803,
      "effective_samples": 24.02448724940364,
      "integrated_autocorrelation_time": 20.81209870618202,
      "mean_estimate": 0.32984994796761324,
      "naive_standard_error": 0.03891125598824829,
      "replica_mean_max": 0.8610937564138463,
      "replica_mean_min": 0.010982039296040259,
      "replica_standard_error": 0.18830462976281803,
      "samples_per_replica": 125,
      "total_samples": 500,
      "true_mean": 0.5,
      "z_score": 0.9035893182589395
    },
    {
      "absolute_error": 0.03356376422699214,
      "autocorrelation_standard_error": 0.13758716323210052,
      "block_standard_error": 0.11632836315843258,
      "checkpoint_steps": 1000,
      "conservative_ci95_half_width": 0.3040896338001181,
      "conservative_standard_error": 0.15514777234699903,
      "effective_samples": 61.80994138250296,
      "integrated_autocorrelation_time": 24.267940827146894,
      "mean_estimate": 0.5335637642269921,
      "naive_standard_error": 0.027929390150675467,
      "replica_mean_max": 0.9889105859938911,
      "replica_mean_min": 0.2908848681285871,
      "replica_standard_error": 0.15514777234699903,
      "samples_per_replica": 375,
      "total_samples": 1500,
      "true_mean": 0.5,
      "z_score": 0.21633416786626106
    },
    {
      "absolute_error": 0.10630540207826522,
      "autocorrelation_standard_error": 0.0743405294951984,
      "block_standard_error": 0.058853578946265125,
      "checkpoint_steps": 2500,
      "conservative_ci95_half_width": 0.21079781568555434,
      "conservative_standard_error": 0.10754990596201752,
      "effective_samples": 186.91737804321843,
      "integrated_autocorrelation_time": 24.074808062841136,
      "mean_estimate": 0.3936945979217348,
      "naive_standard_error": 0.015151102398207671,
      "replica_mean_max": 0.6780010718396007,
      "replica_mean_min": 0.2065087619364356,
      "replica_standard_error": 0.10754990596201752,
      "samples_per_replica": 1125,
      "total_samples": 4500,
      "true_mean": 0.5,
      "z_score": 0.9884285916140939
    }
  ],
  "config_sha256": "65ce1a4d57e8b9450d94e2ca7e0c0000ca261df5f827a922673ad6cf18baaad4",
  "correlation_time": 30.0,
  "equilibration_time": 120.0,
  "initial_bias": 2.5,
  "post": "06",
  "profile": "smoke",
  "replica_count": 4,
  "sample_every": 2,
  "seed": 2026071406,
  "stationary_variance": 1.0,
  "time_step": 1.0,
  "true_mean": 0.5,
  "warmup_steps": 250
}
