{
  "argon_observable": {
    "atom_count": 32,
    "checkpoints": [
      {
        "autocorrelation_standard_error": 0.017594101830904017,
        "checkpoint_steps": 1000,
        "conservative_ci95_half_width": 0.06664278386574013,
        "conservative_standard_error": 0.03400142033966333,
        "coordination_autocorrelation_standard_error": 0.02551845656107172,
        "coordination_conservative_ci95_half_width": 0.05001617485970057,
        "coordination_conservative_standard_error": 0.02551845656107172,
        "coordination_effective_samples": 34.40899901969968,
        "coordination_integrated_autocorrelation_time": 4.446511213895096,
        "coordination_naive_standard_error": 0.012101653318469283,
        "coordination_replica_mean_max": 12.545343137254902,
        "coordination_replica_mean_min": 12.459558823529411,
        "coordination_replica_standard_error": 0.024928343631360143,
        "effective_samples": 38.119376440320835,
        "integrated_autocorrelation_time": 4.01370678871242,
        "mean_coordination_number": 12.50531045751634,
        "mean_potential_energy_per_atom": -5.234168481034949,
        "naive_standard_error": 0.008782017126844649,
        "replica_mean_max": -5.186395847093607,
        "replica_mean_min": -5.299966864765365,
        "replica_standard_error": 0.03400142033966333,
        "samples_per_replica": 51,
        "total_samples": 153
      },
      {
        "autocorrelation_standard_error": 0.02173904030100448,
        "checkpoint_steps": 2000,
        "conservative_ci95_half_width": 0.061179041416516054,
        "conservative_standard_error": 0.03121379664107962,
        "coordination_autocorrelation_standard_error": 0.0203788055303777,
        "coordination_conservative_ci95_half_width": 0.05018958321370983,
        "coordination_conservative_standard_error": 0.025606930211076444,
        "coordination_effective_samples": 61.72693730644338,
        "coordination_integrated_autocorrelation_time": 7.338773309796362,
        "coordination_naive_standard_error": 0.007522583006242171,
        "coordination_replica_mean_max": 12.47930463576159,
        "coordination_replica_mean_min": 12.390728476821192,
        "coordination_replica_standard_error": 0.025606930211076444,
        "effective_samples": 33.63654166310678,
        "integrated_autocorrelation_time": 13.4674962883256,
        "mean_coordination_number": 12.433636865342164,
        "mean_potential_energy_per_atom": -5.207932686885576,
        "naive_standard_error": 0.005923752914757621,
        "replica_mean_max": -5.163243960998567,
        "replica_mean_min": -5.268027435737027,
        "replica_standard_error": 0.03121379664107962,
        "samples_per_replica": 151,
        "total_samples": 453
      },
      {
        "autocorrelation_standard_error": 0.01954446363568213,
        "checkpoint_steps": 3000,
        "conservative_ci95_half_width": 0.08240257784422836,
        "conservative_standard_error": 0.042042131553177736,
        "coordination_autocorrelation_standard_error": 0.018671871744755757,
        "coordination_conservative_ci95_half_width": 0.07713488868663428,
        "coordination_conservative_standard_error": 0.03935453504420116,
        "coordination_effective_samples": 97.24784971664766,
        "coordination_integrated_autocorrelation_time": 7.743101798076008,
        "coordination_naive_standard_error": 0.006710121300910704,
        "coordination_replica_mean_max": 12.462400398406375,
        "coordination_replica_mean_min": 12.338396414342629,
        "coordination_replica_standard_error": 0.03935453504420116,
        "effective_samples": 47.310443312989,
        "integrated_autocorrelation_time": 15.916147625555332,
        "mean_coordination_number": 12.416749667994688,
        "mean_potential_energy_per_atom": -5.199106738525244,
        "naive_standard_error": 0.004898969968101726,
        "replica_mean_max": -5.118852976716055,
        "replica_mean_min": -5.260962005545922,
        "replica_standard_error": 0.042042131553177736,
        "samples_per_replica": 251,
        "total_samples": 753
      }
    ],
    "coordination_cutoff": 1.5,
    "gamma": 1.0,
    "gpu_blocking_reason": null,
    "number_density": 0.85,
    "observable": "potential_energy_per_atom",
    "production_gpu_ready": false,
    "replica_count": 3,
    "runtime_device": "jax:cpu;devices:cpu",
    "sample_every": 10,
    "target_device": "cpu",
    "target_requests_gpu": false,
    "temperature": 0.7,
    "time_step": 0.002,
    "warmup_steps": 500
  },
  "checkpoints": [
    {
      "absolute_error": 0.17015005203238676,
      "autocorrelation_standard_error": 0.17751423606423775,
      "block_standard_error": 0.1633250404295028,
      "checkpoint_steps": 500,
      "conservative_ci95_half_width": 0.3690770743351233,
      "conservative_standard_error": 0.18830462976281803,
      "effective_samples": 24.02448724940364,
      "integrated_autocorrelation_time": 20.81209870618202,
      "mean_estimate": 0.32984994796761324,
      "naive_standard_error": 0.03891125598824829,
      "replica_mean_max": 0.8610937564138463,
      "replica_mean_min": 0.010982039296040259,
      "replica_standard_error": 0.18830462976281803,
      "samples_per_replica": 125,
      "total_samples": 500,
      "true_mean": 0.5,
      "z_score": 0.9035893182589395
    },
    {
      "absolute_error": 0.03356376422699214,
      "autocorrelation_standard_error": 0.13758716323210052,
      "block_standard_error": 0.11632836315843258,
      "checkpoint_steps": 1000,
      "conservative_ci95_half_width": 0.3040896338001181,
      "conservative_standard_error": 0.15514777234699903,
      "effective_samples": 61.80994138250296,
      "integrated_autocorrelation_time": 24.267940827146894,
      "mean_estimate": 0.5335637642269921,
      "naive_standard_error": 0.027929390150675467,
      "replica_mean_max": 0.9889105859938911,
      "replica_mean_min": 0.2908848681285871,
      "replica_standard_error": 0.15514777234699903,
      "samples_per_replica": 375,
      "total_samples": 1500,
      "true_mean": 0.5,
      "z_score": 0.21633416786626106
    },
    {
      "absolute_error": 0.10630540207826522,
      "autocorrelation_standard_error": 0.0743405294951984,
      "block_standard_error": 0.058853578946265125,
      "checkpoint_steps": 2500,
      "conservative_ci95_half_width": 0.21079781568555434,
      "conservative_standard_error": 0.10754990596201752,
      "effective_samples": 186.91737804321843,
      "integrated_autocorrelation_time": 24.074808062841136,
      "mean_estimate": 0.3936945979217348,
      "naive_standard_error": 0.015151102398207671,
      "replica_mean_max": 0.6780010718396007,
      "replica_mean_min": 0.2065087619364356,
      "replica_standard_error": 0.10754990596201752,
      "samples_per_replica": 1125,
      "total_samples": 4500,
      "true_mean": 0.5,
      "z_score": 0.9884285916140939
    }
  ],
  "config_sha256": "c863bc0576cd7f657034e12710d9c694439d3238bcaab6ae541658e7492e48d2",
  "correlation_time": 30.0,
  "equilibration_time": 120.0,
  "initial_bias": 2.5,
  "post": "06",
  "profile": "smoke",
  "replica_count": 4,
  "sample_every": 2,
  "seed": 2026071406,
  "stationary_variance": 1.0,
  "time_step": 1.0,
  "true_mean": 0.5,
  "warmup_steps": 250
}
