{
  "argon_nve_runs": [
    {
      "atom_count": 32,
      "energy_span": 0.03019623037265262,
      "final_energy": -99.29479130414404,
      "initial_energy": -99.26589823886736,
      "max_abs_relative_energy_error": 0.000304195407570788,
      "normalized_energy_drift": -0.0003638342294444119,
      "num_steps": 400,
      "number_density": 0.65,
      "sample_every": 5,
      "temperature": 0.7,
      "time_step": 0.002,
      "unstable": false
    },
    {
      "atom_count": 32,
      "energy_span": 0.08039772831109815,
      "final_energy": -99.32117571464755,
      "initial_energy": -99.26589823886736,
      "max_abs_relative_energy_error": 0.0008099229416897431,
      "normalized_energy_drift": -0.00027843134833259014,
      "num_steps": 400,
      "number_density": 0.65,
      "sample_every": 5,
      "temperature": 0.7,
      "time_step": 0.005,
      "unstable": false
    }
  ],
  "config_sha256": "0f6c67fe3b184aa8f4a142c949a0ed85e9eeb71a033155da25cc9bf5b67f40d9",
  "initial_position": 1.0,
  "initial_velocity": 0.0,
  "mass": 1.0,
  "omega": 1.0,
  "post": "03",
  "profile": "smoke",
  "runs": [
    {
      "final_energy": 0.4998331076986725,
      "final_position_error": -0.001217842002667835,
      "final_time": 20.0,
      "force_case": "exact_force",
      "force_scale": 1.0,
      "initial_energy": 0.5,
      "max_abs_relative_energy_error": 0.00039999771016585584,
      "normalized_energy_drift": -1.6689230132749255e-05,
      "precision": "float64",
      "rms_position_error": 0.0005306148971126675,
      "time_step": 0.04,
      "unstable": false
    },
    {
      "final_energy": 0.4932494465524403,
      "final_position_error": 0.17300893989506644,
      "final_time": 20.0,
      "force_case": "biased_low_force",
      "force_scale": 0.98,
      "initial_energy": 0.5,
      "max_abs_relative_energy_error": 0.020384159874310193,
      "normalized_energy_drift": -0.0006750553447559704,
      "precision": "float64",
      "rms_position_error": 0.07895957667753725,
      "time_step": 0.04,
      "unstable": false
    },
    {
      "final_energy": 0.4998327421793918,
      "final_position_error": -0.0012182233791726005,
      "final_time": 20.0,
      "force_case": "exact_force",
      "force_scale": 1.0,
      "initial_energy": 0.5,
      "max_abs_relative_energy_error": 0.0004009755114541269,
      "normalized_energy_drift": -1.6725782060822426e-05,
      "precision": "float32",
      "rms_position_error": 0.0005307263961237022,
      "time_step": 0.04,
      "unstable": false
    },
    {
      "final_energy": 0.4932496747806603,
      "final_position_error": 0.17300868649669715,
      "final_time": 20.0,
      "force_case": "biased_low_force",
      "force_scale": 0.98,
      "initial_energy": 0.5,
      "max_abs_relative_energy_error": 0.02038397218182153,
      "normalized_energy_drift": -0.0006750325219339714,
      "precision": "float32",
      "rms_position_error": 0.07895933611346354,
      "time_step": 0.04,
      "unstable": false
    },
    {
      "final_energy": 0.49836128500000004,
      "final_position_error": -0.0016820618133919218,
      "final_time": 20.0,
      "force_case": "exact_force",
      "force_scale": 1.0,
      "initial_energy": 0.5,
      "max_abs_relative_energy_error": 0.0032774299999999146,
      "normalized_energy_drift": -0.00016387149999999573,
      "precision": "rounded_1e-4",
      "rms_position_error": 0.0007340842852397417,
      "time_step": 0.04,
      "unstable": false
    },
    {
      "final_energy": 0.49334365,
      "final_position_error": 0.17261793818660803,
      "final_time": 20.0,
      "force_case": "biased_low_force",
      "force_scale": 0.98,
      "initial_energy": 0.5,
      "max_abs_relative_energy_error": 0.020593819999999874,
      "normalized_energy_drift": -0.0006656349999999978,
      "precision": "rounded_1e-4",
      "rms_position_error": 0.07873356490551635,
      "time_step": 0.04,
      "unstable": false
    },
    {
      "final_energy": 0.4997932061767597,
      "final_position_error": 0.011607717544841023,
      "final_time": 60.0,
      "force_case": "exact_force",
      "force_scale": 1.0,
      "initial_energy": 0.5,
      "max_abs_relative_energy_error": 0.0035999251594369674,
      "normalized_energy_drift": -6.893127441343072e-06,
      "precision": "float64",
      "rms_position_error": 0.014595899203422467,
      "time_step": 0.12,
      "unstable": false
    },
    {
      "final_energy": 0.49923466498867125,
      "final_position_error": -0.01441013057271534,
      "final_time": 60.0,
      "force_case": "biased_low_force",
      "force_scale": 0.98,
      "initial_energy": 0.5,
      "max_abs_relative_energy_error": 0.02345685741012815,
      "normalized_energy_drift": -2.5511167044291645e-05,
      "precision": "float64",
      "rms_position_error": 0.22961938331364828,
      "time_step": 0.12,
      "unstable": false
    },
    {
      "final_energy": 0.49979265537155726,
      "final_position_error": 0.01160814128094001,
      "final_time": 60.0,
      "force_case": "exact_force",
      "force_scale": 1.0,
      "initial_energy": 0.5,
      "max_abs_relative_energy_error": 0.003601196101755133,
      "normalized_energy_drift": -6.9114876147580165e-06,
      "precision": "float32",
      "rms_position_error": 0.014595733587554236,
      "time_step": 0.12,
      "unstable": false
    },
    {
      "final_energy": 0.49923436383018194,
      "final_position_error": -0.014409941814610527,
      "final_time": 60.0,
      "force_case": "biased_low_force",
      "force_scale": 0.98,
      "initial_energy": 0.5,
      "max_abs_relative_energy_error": 0.023457460233256566,
      "normalized_energy_drift": -2.5521205660602082e-05,
      "precision": "float32",
      "rms_position_error": 0.22961919147513968,
      "time_step": 0.12,
      "unstable": false
    },
    {
      "final_energy": 0.500400745,
      "final_position_error": 0.010912980415156315,
      "final_time": 60.0,
      "force_case": "exact_force",
      "force_scale": 1.0,
      "initial_energy": 0.5,
      "max_abs_relative_energy_error": 0.0037126199999999443,
      "normalized_energy_drift": 1.3358166666666004e-05,
      "precision": "rounded_1e-4",
      "rms_position_error": 0.014322793420541774,
      "time_step": 0.12,
      "unstable": false
    },
    {
      "final_energy": 0.5000118250000001,
      "final_position_error": -0.01498701958484372,
      "final_time": 60.0,
      "force_case": "biased_low_force",
      "force_scale": 0.98,
      "initial_energy": 0.5,
      "max_abs_relative_energy_error": 0.02367215999999983,
      "normalized_energy_drift": 3.9416666666921195e-07,
      "precision": "rounded_1e-4",
      "rms_position_error": 0.22966284605967877,
      "time_step": 0.12,
      "unstable": false
    }
  ]
}
