{
  "argon_langevin_runs": [
    {
      "atom_count": 32,
      "final_total_energy": -93.11553035324854,
      "gamma": 0.2,
      "kinetic_temperature_mean": 0.6966056667036988,
      "kinetic_temperature_relative_error": -0.00484904756614446,
      "kinetic_temperature_std": 0.061219390437259276,
      "samples": 200,
      "target_temperature": 0.7,
      "thermostat": "weak_argon_langevin",
      "velocity_integrated_autocorrelation_time": 16.800432675217426,
      "velocity_lag1_autocorrelation": 0.8915886374393445
    },
    {
      "atom_count": 32,
      "final_total_energy": -87.01556188953893,
      "gamma": 4.0,
      "kinetic_temperature_mean": 0.6759104041037952,
      "kinetic_temperature_relative_error": -0.034413708423149614,
      "kinetic_temperature_std": 0.0972454862674801,
      "samples": 200,
      "target_temperature": 0.7,
      "thermostat": "strong_argon_langevin",
      "velocity_integrated_autocorrelation_time": 8.547969243188982,
      "velocity_lag1_autocorrelation": 0.8657937730487304
    }
  ],
  "config_sha256": "91a5e52aefb9ac14a909f6fdff13a795ef1a0cec9eb6bdfda3cf415aa82b1d30",
  "mass": 1.0,
  "omega": 1.0,
  "post": "04",
  "profile": "smoke",
  "runs": [
    {
      "expected_kinetic_mean": 0.5,
      "expected_position_variance": 1.0,
      "expected_velocity_variance": 1.0,
      "gamma": 0.1,
      "kinetic_mean": 0.42262348513244136,
      "kinetic_mean_relative_error": -0.1547530297351173,
      "kinetic_variance": 0.26604959001952616,
      "method": "baoab_langevin",
      "position_effective_samples": 33.788206283912494,
      "position_integrated_autocorrelation_time": 25.89660997827552,
      "position_lag1_autocorrelation": 0.9959753986856072,
      "position_mean": -0.06751415806605096,
      "position_variance": 0.8747410677586,
      "position_variance_relative_error": -0.12525893224139995,
      "samples": 875,
      "thermostat": "weak_langevin",
      "velocity_lag1_autocorrelation": 0.9870587678960681,
      "velocity_mean": 0.0014893048660984403,
      "velocity_variance": 0.8462118514947496,
      "velocity_variance_relative_error": -0.15378814850525035
    },
    {
      "expected_kinetic_mean": 0.5,
      "expected_position_variance": 1.0,
      "expected_velocity_variance": 1.0,
      "gamma": 5.0,
      "kinetic_mean": 0.48424322345147636,
      "kinetic_mean_relative_error": -0.03151355309704729,
      "kinetic_variance": 0.45737407547992504,
      "method": "baoab_langevin",
      "position_effective_samples": 12.967541299971705,
      "position_integrated_autocorrelation_time": 67.47616836214813,
      "position_lag1_autocorrelation": 0.9953499411815917,
      "position_mean": 0.15915234687897717,
      "position_variance": 0.8744150875172337,
      "position_variance_relative_error": -0.12558491248276626,
      "samples": 875,
      "thermostat": "strong_langevin",
      "velocity_lag1_autocorrelation": 0.6452615817497168,
      "velocity_mean": -0.011133769711486967,
      "velocity_variance": 0.9694704523061713,
      "velocity_variance_relative_error": -0.03052954769382865
    }
  ],
  "sample_every": 4,
  "seed": 2026071404,
  "temperature": 1.0,
  "time_step": 0.02
}
