{
  "config_sha256": "60fa126b010fb6913565685a1115fa175e08b4925c4fbee4ddab55a9b155b796",
  "mass": 1.0,
  "omega": 1.0,
  "post": "04",
  "profile": "smoke",
  "runs": [
    {
      "expected_kinetic_mean": 0.5,
      "expected_position_variance": 1.0,
      "expected_velocity_variance": 1.0,
      "gamma": 0.1,
      "kinetic_mean": 0.42262348513244136,
      "kinetic_mean_relative_error": -0.1547530297351173,
      "kinetic_variance": 0.26604959001952616,
      "method": "baoab_langevin",
      "position_effective_samples": 33.788206283912494,
      "position_integrated_autocorrelation_time": 25.89660997827552,
      "position_lag1_autocorrelation": 0.9959753986856072,
      "position_mean": -0.06751415806605096,
      "position_variance": 0.8747410677586,
      "position_variance_relative_error": -0.12525893224139995,
      "samples": 875,
      "thermostat": "weak_langevin",
      "velocity_lag1_autocorrelation": 0.9870587678960681,
      "velocity_mean": 0.0014893048660984403,
      "velocity_variance": 0.8462118514947496,
      "velocity_variance_relative_error": -0.15378814850525035
    },
    {
      "expected_kinetic_mean": 0.5,
      "expected_position_variance": 1.0,
      "expected_velocity_variance": 1.0,
      "gamma": 5.0,
      "kinetic_mean": 0.48424322345147636,
      "kinetic_mean_relative_error": -0.03151355309704729,
      "kinetic_variance": 0.45737407547992504,
      "method": "baoab_langevin",
      "position_effective_samples": 12.967541299971705,
      "position_integrated_autocorrelation_time": 67.47616836214813,
      "position_lag1_autocorrelation": 0.9953499411815917,
      "position_mean": 0.15915234687897717,
      "position_variance": 0.8744150875172337,
      "position_variance_relative_error": -0.12558491248276626,
      "samples": 875,
      "thermostat": "strong_langevin",
      "velocity_lag1_autocorrelation": 0.6452615817497168,
      "velocity_mean": -0.011133769711486967,
      "velocity_variance": 0.9694704523061713,
      "velocity_variance_relative_error": -0.03052954769382865
    }
  ],
  "sample_every": 4,
  "seed": 2026071404,
  "temperature": 1.0,
  "time_step": 0.02
}
