{
  "argon_langevin_protocol": {
    "atom_count": 32,
    "case_count": 2,
    "max_abs_nve_handoff_drift": 0.00022518180815135605,
    "max_abs_temperature_relative_error": 0.0893589824825648,
    "max_nve_handoff_energy_error": 0.00026933005823165433,
    "mean_abs_nve_handoff_drift": 8.540600366590582e-05,
    "mean_abs_temperature_relative_error": 0.036547183313569875,
    "num_steps": 1200,
    "nve_handoff_steps": 300,
    "protocol_label": "smoke_langevin_nve_handoff",
    "replica_count": 2,
    "target_device": "cpu",
    "target_temperature": 0.7,
    "unstable_handoff_count": 0
  },
  "argon_langevin_runs": [
    {
      "atom_count": 32,
      "final_total_energy": -93.11553035324854,
      "gamma": 0.2,
      "kinetic_temperature_mean": 0.6966056667036988,
      "kinetic_temperature_relative_error": -0.00484904756614446,
      "kinetic_temperature_std": 0.061219390437259276,
      "nve_final_energy": -93.11412432637269,
      "nve_handoff_steps": 300,
      "nve_initial_energy": -93.11553035324854,
      "nve_max_abs_relative_energy_error": 0.0001232713717614365,
      "nve_normalized_energy_drift": 1.6777567376325984e-05,
      "nve_unstable": false,
      "protocol_label": "smoke_langevin_nve_handoff",
      "replica_index": 0,
      "samples": 200,
      "seed": 4041,
      "target_temperature": 0.7,
      "thermostat": "weak_argon_langevin",
      "velocity_integrated_autocorrelation_time": 16.800432675217426,
      "velocity_lag1_autocorrelation": 0.8915886374393445
    },
    {
      "atom_count": 32,
      "final_total_energy": -96.49729189442841,
      "gamma": 0.2,
      "kinetic_temperature_mean": 0.6374487122622046,
      "kinetic_temperature_relative_error": -0.0893589824825648,
      "kinetic_temperature_std": 0.06372274103419032,
      "nve_final_energy": -96.4988133074385,
      "nve_handoff_steps": 300,
      "nve_initial_energy": -96.49729189442841,
      "nve_max_abs_relative_energy_error": 9.978377005849328e-05,
      "nve_normalized_energy_drift": -1.7518200427220916e-05,
      "nve_unstable": false,
      "protocol_label": "smoke_langevin_nve_handoff",
      "replica_index": 1,
      "samples": 200,
      "seed": 13214,
      "target_temperature": 0.7,
      "thermostat": "weak_argon_langevin",
      "velocity_integrated_autocorrelation_time": 9.09604173436221,
      "velocity_lag1_autocorrelation": 0.9083094157433115
    },
    {
      "atom_count": 32,
      "final_total_energy": -87.01556188953893,
      "gamma": 4.0,
      "kinetic_temperature_mean": 0.6759104041037952,
      "kinetic_temperature_relative_error": -0.034413708423149614,
      "kinetic_temperature_std": 0.0972454862674801,
      "nve_final_energy": -86.9979270001317,
      "nve_handoff_steps": 300,
      "nve_initial_energy": -87.01556188953893,
      "nve_max_abs_relative_energy_error": 0.00026933005823165433,
      "nve_normalized_energy_drift": 0.00022518180815135605,
      "nve_unstable": false,
      "protocol_label": "smoke_langevin_nve_handoff",
      "replica_index": 0,
      "samples": 200,
      "seed": 5050,
      "target_temperature": 0.7,
      "thermostat": "strong_argon_langevin",
      "velocity_integrated_autocorrelation_time": 8.547969243188982,
      "velocity_lag1_autocorrelation": 0.8657937730487304
    },
    {
      "atom_count": 32,
      "final_total_energy": -87.49951307701753,
      "gamma": 4.0,
      "kinetic_temperature_mean": 0.7122968963476944,
      "kinetic_temperature_relative_error": 0.01756699478242063,
      "kinetic_temperature_std": 0.11069674638846744,
      "nve_final_energy": -87.50598207306675,
      "nve_handoff_steps": 300,
      "nve_initial_energy": -87.49951307701753,
      "nve_max_abs_relative_energy_error": 0.0001116335255812579,
      "nve_normalized_energy_drift": -8.214643870872036e-05,
      "nve_unstable": false,
      "protocol_label": "smoke_langevin_nve_handoff",
      "replica_index": 1,
      "samples": 200,
      "seed": 14223,
      "target_temperature": 0.7,
      "thermostat": "strong_argon_langevin",
      "velocity_integrated_autocorrelation_time": 11.577810663541099,
      "velocity_lag1_autocorrelation": 0.8719154573720711
    }
  ],
  "config_sha256": "9a8e14709771b1b012e6fe56fa1db22ae102f0c64417150e1bab9d8e30c1f09a",
  "mass": 1.0,
  "omega": 1.0,
  "post": "04",
  "profile": "smoke",
  "runs": [
    {
      "expected_kinetic_mean": 0.5,
      "expected_position_variance": 1.0,
      "expected_velocity_variance": 1.0,
      "gamma": 0.1,
      "kinetic_mean": 0.42262348513244136,
      "kinetic_mean_relative_error": -0.1547530297351173,
      "kinetic_variance": 0.26604959001952616,
      "method": "baoab_langevin",
      "position_effective_samples": 33.788206283912494,
      "position_integrated_autocorrelation_time": 25.89660997827552,
      "position_lag1_autocorrelation": 0.9959753986856072,
      "position_mean": -0.06751415806605096,
      "position_variance": 0.8747410677586,
      "position_variance_relative_error": -0.12525893224139995,
      "samples": 875,
      "thermostat": "weak_langevin",
      "velocity_lag1_autocorrelation": 0.9870587678960681,
      "velocity_mean": 0.0014893048660984403,
      "velocity_variance": 0.8462118514947496,
      "velocity_variance_relative_error": -0.15378814850525035
    },
    {
      "expected_kinetic_mean": 0.5,
      "expected_position_variance": 1.0,
      "expected_velocity_variance": 1.0,
      "gamma": 5.0,
      "kinetic_mean": 0.48424322345147636,
      "kinetic_mean_relative_error": -0.03151355309704729,
      "kinetic_variance": 0.45737407547992504,
      "method": "baoab_langevin",
      "position_effective_samples": 12.967541299971705,
      "position_integrated_autocorrelation_time": 67.47616836214813,
      "position_lag1_autocorrelation": 0.9953499411815917,
      "position_mean": 0.15915234687897717,
      "position_variance": 0.8744150875172337,
      "position_variance_relative_error": -0.12558491248276626,
      "samples": 875,
      "thermostat": "strong_langevin",
      "velocity_lag1_autocorrelation": 0.6452615817497168,
      "velocity_mean": -0.011133769711486967,
      "velocity_variance": 0.9694704523061713,
      "velocity_variance_relative_error": -0.03052954769382865
    }
  ],
  "sample_every": 4,
  "seed": 2026071404,
  "temperature": 1.0,
  "time_step": 0.02
}
