{
  "argon_trajectory": {
    "atom_count": 32,
    "coordination_block_standard_error": 0.06892660974915261,
    "coordination_cutoff": 1.45,
    "coordination_number": 11.596598407617291,
    "coordination_relative_standard_error": 0.00594369204885786,
    "coordination_replica_max": 11.73349437213006,
    "coordination_replica_min": 11.596598407617291,
    "coordination_replica_standard_error": 0.04554976500657593,
    "frame_count": 126,
    "max_rdf_replica_std": 0.1304777638141696,
    "max_vacf_replica_std": 0.039296952299168984,
    "mean_rdf_replica_std": 0.02024392634024527,
    "mean_vacf_replica_std": 0.020017105900632153,
    "number_density": 0.85,
    "rdf_first_peak_radius": 1.1,
    "rdf_first_peak_radius_replica_std": 0.02309401076758505,
    "rdf_first_peak_value": 2.9203312476190253,
    "rdf_first_peak_value_replica_std": 0.10258881979226035,
    "temperature": 0.7,
    "uncertainty_block_count": 4,
    "uncertainty_replica_count": 3,
    "vacf_first_zero_lag": 4,
    "vacf_integral_replica_max": 0.09324404407946374,
    "vacf_integral_replica_min": -0.022813925339139708,
    "vacf_integral_replica_standard_error": 0.03490744446787152,
    "vacf_lag1_autocorrelation": 0.7967320411922353,
    "vacf_normalized_integral": 0.06462046557923667
  },
  "config_sha256": "6ded825c96fee6f96cc067d6971f44921e07fa73baef11c357a6a7aa91ec8691",
  "displacement_sigma": 0.1,
  "number_density": 0.021,
  "post": "07",
  "profile": "smoke",
  "rdf_bin_width": 0.08,
  "rdf_max_radius": 8.0,
  "sample_every": 1,
  "seed": 2026071407,
  "systems": [
    {
      "atom_count": 32,
      "cell_length": 11.507391653295759,
      "coordination_block_standard_error": 3.2860388756924413e-08,
      "coordination_cutoff": 4.6,
      "coordination_number": 11.99961284749904,
      "coordination_relative_standard_error": 2.738454079689177e-09,
      "finite_size_shell_fraction": 1.39041065795458,
      "frame_count": 80,
      "number_density": 0.021,
      "rdf_first_peak_radius": 4.04,
      "rdf_first_peak_value": 7.570252798550253,
      "repetitions": 2,
      "system": "small_cell"
    },
    {
      "atom_count": 108,
      "cell_length": 17.26108747994364,
      "coordination_block_standard_error": 0.00030031982426595037,
      "coordination_cutoff": 4.6,
      "coordination_number": 11.999149924761074,
      "coordination_relative_standard_error": 2.502842502586118e-05,
      "finite_size_shell_fraction": 0.9269404386363866,
      "frame_count": 80,
      "number_density": 0.021,
      "rdf_first_peak_radius": 4.04,
      "rdf_first_peak_value": 7.587634830532549,
      "repetitions": 3,
      "system": "large_cell"
    }
  ],
  "vacf": {
    "correlation_time_input": 8.0,
    "first_zero_lag": 33,
    "lag1_autocorrelation": 0.8807740540494877,
    "max_lag": 40,
    "normalized_integral": 7.483224933516594,
    "system": "large_cell"
  }
}
