{
  "config_sha256": "f16a83b18e056f60e0dd275d50abc3528cd78b366ef3786f198524548f5db97f",
  "domain_max": 2.5,
  "domain_min": -2.5,
  "metadynamics": {
    "barrier_visit_fraction": 0.1288888888888889,
    "basin_visit_fraction_left": 0.37777777777777777,
    "basin_visit_fraction_right": 0.36444444444444446,
    "bias_factor": 8.0,
    "deposit_count": 450,
    "final_bias_range": 2.4712421363134522,
    "final_histogram_flatness": 0.4594594594594595,
    "hill_height": 0.045,
    "hill_width": 0.14,
    "initial_barrier_height": 0.9555062500000001,
    "reconstructed_barrier_error": -0.06909069779091259,
    "reconstructed_barrier_height": 0.8864155522090875
  },
  "post": "11",
  "profile": "smoke",
  "pulling": {
    "crooks_crossing_delta_f": 0.03830165738690325,
    "end_center": 1.1,
    "forward_dissipated_work": 0.3254520053426043,
    "forward_ess_fraction": 0.5469476043818243,
    "forward_jarzynski_delta_f": 0.01874927577940122,
    "forward_mean_work": 0.3254520053426043,
    "forward_work_std": 0.7812545738818214,
    "path_count": 1200,
    "path_steps": 140,
    "reverse_dissipated_work": 0.3088014630006496,
    "reverse_ess_fraction": 0.5249543424661164,
    "reverse_jarzynski_delta_f": 0.017282303822456768,
    "reverse_mean_work": 0.3088014630006496,
    "reverse_work_std": 0.804746469838556,
    "start_center": -1.1,
    "trap_force_constant": 18.0,
    "true_delta_f": 0.0
  },
  "seed": 2026071411,
  "temperature": 1.0
}
