{
  "config_sha256": "8adae43ea559320a67d56e75ac557507fe8666b2559cd8d3aa7db515b164a13a",
  "domain_max": 2.5,
  "domain_min": -2.5,
  "metadynamics": {
    "barrier_visit_fraction": 0.1288888888888889,
    "basin_visit_fraction_left": 0.37777777777777777,
    "basin_visit_fraction_right": 0.36444444444444446,
    "bias_factor": 8.0,
    "deposit_count": 450,
    "final_bias_range": 2.4712421363134522,
    "final_histogram_flatness": 0.4594594594594595,
    "hill_height": 0.045,
    "hill_width": 0.14,
    "initial_barrier_height": 0.9555062500000001,
    "reconstructed_barrier_error": -0.06909069779091259,
    "reconstructed_barrier_height": 0.8864155522090875
  },
  "pair_distance_steered": {
    "coordinate": "reduced pair distance r/sigma",
    "end_radius": 2.2,
    "fast_forward_mean_work": 8.534374096450806,
    "fast_hysteresis_gap": 16.36893348512848,
    "fast_hysteresis_gap_sem": 0.08071299094077954,
    "fast_path_steps": 60,
    "fast_reverse_mean_work": 7.8345593886776745,
    "forward_ess_fraction": 0.14737998839449998,
    "forward_jarzynski_delta_f": 1.7626583812457408,
    "gpu_blocking_reason": null,
    "hysteresis_gap_ratio": 4.196224635184977,
    "jarzynski_spread": 2.3167838505049514,
    "path_count": 1600,
    "production_gpu_ready": false,
    "reverse_ess_fraction": 0.10005785432888628,
    "reverse_jarzynski_delta_f": -0.5541254692592105,
    "runtime_device": "jax:cpu;devices:cpu",
    "slow_forward_mean_work": 2.5348285589842177,
    "slow_hysteresis_gap": 3.9008715948799315,
    "slow_hysteresis_gap_sem": 0.03765149671666776,
    "slow_path_steps": 300,
    "slow_reverse_mean_work": 1.3660430358957136,
    "start_radius": 1.08,
    "target_device": "cpu",
    "target_requests_gpu": false,
    "trap_force_constant": 42.0,
    "true_delta_f": 0.6065447054221869
  },
  "post": "11",
  "profile": "smoke",
  "pulling": {
    "crooks_crossing_delta_f": 0.03830165738690325,
    "end_center": 1.1,
    "forward_dissipated_work": 0.3254520053426043,
    "forward_ess_fraction": 0.5469476043818243,
    "forward_jarzynski_delta_f": 0.01874927577940122,
    "forward_mean_work": 0.3254520053426043,
    "forward_work_std": 0.7812545738818214,
    "path_count": 1200,
    "path_steps": 140,
    "reverse_dissipated_work": 0.3088014630006496,
    "reverse_ess_fraction": 0.5249543424661164,
    "reverse_jarzynski_delta_f": 0.017282303822456768,
    "reverse_mean_work": 0.3088014630006496,
    "reverse_work_std": 0.804746469838556,
    "start_center": -1.1,
    "trap_force_constant": 18.0,
    "true_delta_f": 0.0
  },
  "seed": 2026071411,
  "steered_hysteresis": {
    "fast_forward_mean_work": 23.651098042618283,
    "fast_hysteresis_gap": 48.956259953686384,
    "fast_hysteresis_gap_sem": 0.6142199595927594,
    "fast_path_steps": 35,
    "fast_reverse_mean_work": 25.305161911068105,
    "hysteresis_gap_ratio": 5.048974582238977,
    "slow_forward_mean_work": 4.965241783181907,
    "slow_hysteresis_gap": 9.696277760221292,
    "slow_hysteresis_gap_sem": 0.3360317762299233,
    "slow_path_steps": 280,
    "slow_reverse_mean_work": 4.731035977039385,
    "trajectory_path_count": 1200
  },
  "temperature": 1.0
}
