{
  "argon_rdf_pmf": {
    "atom_count": 32,
    "finite_pmf_bins": 18,
    "frame_count": 126,
    "masked_low_rdf_bins": 24,
    "max_block_pmf_sem": 0.04738153275528887,
    "max_replica_pmf_std": 0.11565366001274074,
    "mean_block_pmf_sem": 0.02520571332860518,
    "mean_replica_pmf_std": 0.030511734205321717,
    "number_density": 0.85,
    "pmf_barrier_height": 1.417000230046604,
    "pmf_minimum_radius": 1.1,
    "pmf_minimum_value": 0.0,
    "rdf_first_peak_radius": 1.1,
    "rdf_first_peak_value": 3.0105123045428717,
    "temperature": 0.7,
    "uncertainty_block_count": 4,
    "uncertainty_replica_count": 3
  },
  "bias_center": 0.9,
  "bias_strength": 2.0,
  "bins": [
    {
      "barrier_error": -0.06422813255402249,
      "barrier_height": 0.9357718674459775,
      "bin_width": 0.1,
      "bins": 50,
      "bootstrap_barrier_standard_error": 0.06277383026763242,
      "occupied_bins": 38,
      "rmse_vs_true": 0.13179518257826203
    },
    {
      "barrier_error": -0.08679093466325305,
      "barrier_height": 0.913209065336747,
      "bin_width": 0.25,
      "bins": 20,
      "bootstrap_barrier_standard_error": 0.03834947767333285,
      "occupied_bins": 16,
      "rmse_vs_true": 0.3072821950397572
    }
  ],
  "config_sha256": "fea323cc3377d63f10c18c2fc413d02963eac8bafa7cd74a977675ab9b76c5ed",
  "domain_max": 2.5,
  "domain_min": -2.5,
  "post": "08",
  "profile": "smoke",
  "rdf_pmf_barrier_height": 1.7050866181659299,
  "rdf_pmf_minimum_radius": 1.200418410041841,
  "reweighted_barrier_error": 0.02637392943255934,
  "reweighted_barrier_height": 1.0263739294325593,
  "sample_count": 12000,
  "seed": 2026071408,
  "temperature": 1.0,
  "true_barrier_height": 1.0
}
